FBG,Bramel Pre-Draft Tiers ( Redraft),DLF,Davenport,DFW - 5/18,Fakepigskin.com (Bee),4for4 5/27,Norton Projections - 5/28
"Watt, J.J.",,"Watt, JJ",,,,,
"Ansah, Ezekiel",,"Quinn, Robert",,,,,
"Quinn, Robert",,"Dunlap, Carlos",,,,,
"Griffen, Everson",,"Wilkerson, Muhammad",,,,,
"Campbell, Calais",,"Ansah, Ezekiel",,,,,
"Dunlap, Carlos",,"Donald, Aaron",,,,,
"Donald, Aaron",,"Cox, Fletcher",,,,,
"Cox, Fletcher",,"Campbell, Calais",,,,,
"Vernon, Olivier",,"Griffen, Everson",,,,,
"Ninkovich, Rob",,"Sheard, Jabaal",,,,,
"Jordan, Cameron",,"Vernon, Olivier",,,,,
"Wilkerson, Muhammad",,"Jordan, Cameron",,,,,
"Casey, Jurrell",,"Pierre-Paul, Jason",,,,,
"Sheard, Jabaal",,"Lawrence, Demarcus",,,,,
"Bennett, Michael",,"Fowler, Dante",,,,,
"Heyward, Cameron",,"Richardson, Sheldon",,,,,
"Lawrence, Demarcus",,"Atkins, Geno",,,,,
"Liuget, Corey",,"Williams, Leonard",,,,,
"Pierre-Paul, Jason",,"Hunter, Danielle",,,,,
"Hunter, Danielle",,"Bosa, Joey",,,,,
"Bosa, Joey",,"Heyward, Cameron",,,,,
"Atkins, Geno",,"Beasley, Vic",,,,,
"Short, Kawann",,"Graham, Brandon",,,,,
"Williams, Mario",,"Spence, Noah",,,,,
"Ealy, Kony",,"Curry, Vinny",,,,,
"Richardson, Sheldon",,,,,,,
"Ayers, Robert",,,,,,,
"McCoy, Gerald",,,,,,,
"Buckner, DeForest",,,,,,,
"Avril, Cliff",,,,,,,
"Suh, Ndamukong",,,,,,,
"Spence, Noah",,,,,,,
"Fowler Jr, Dante",,,,,,,
"Graham, Brandon",,,,,,,
"Williams, Leonard",,,,,,,
"Clark, Frank",,,,,,,
"Dareus, Marcell",,,,,,,
"Johnson, Charles",,,,,,,
"Jackson, Malik",,,,,,,
"Tuitt, Stephon",,,,,,,
"Gregory, Randy",,,,,,,
"Wolfe, Derek",,,,,,,
"Johnson, Michael",,,,,,,
"Odighizuwa, Owamagbe",,,,,,,
"Howard, Jaye",,,,,,,
"Anderson, Henry",,,,,,,
"Marks, SenDerrick",,,,,,,
"McDonald, Clinton",,,,,,,
"Long, Chris",,,,,,,
"Crichton, Scott",,,,,,,
"Taylor, Devin",,,,,,,
"Smith, Jacquies",,,,,,,
"Lawson, Shaq",,,,,,,
"Shelby, Derrick",,,,,,,
"Wake, Cameron",,,,,,,
"Poe, Dontari",,,,,,,
"Nkemdiche, Robert",,,,,,,
"Floyd, Sharrif",,,,,,,
"Hicks, Akiem",,,,,,,
"Hayes, William",,,,,,,
"Hankins, Johnathan",,,,,,,
"Daniels, Mike",,,,,,,
"Hageman, RaShede",,,,,,,
"Brown, Malcom",,,,,,,
"Curry, Vinny",,,,,,,
"Joseph, Linval",,,,,,,
"Bryant, Desmond",,,,,,,
"Bullard, Jonathan",,,,,,,
"Carradine, Cornellius",,,,,,,
"Clarke, Will",,,,,,,
"Rankins, Sheldon",,,,,,,
"Gholston, William",,,,,,,
"Fairley, Nick",,,,,,,
"Bailey, Allen",,,,,,,
"Branch, Andre",,,,,,,
"Williams, Kyle",,,,,,,
"Johnson, Tom",,,,,,,
"Armstead, Arik",,,,,,,
"Jones, Datone",,,,,,,
"Crick, Jared",,,,,,,
"Lotulelei, Star",,,,,,,
"Brockers, Michael",,,,,,,
"Baker, Chris",,,,,,,
"Calhoun, Shilique",,,,,,,